Name,Code
Nagłowice,2602042
Sędziszów,2602063
Imielno,2602012
Bieliny,2604012
Mniów,2604112
Końskie,2605033
Stąporków,2605083
Ożarów,2606053
Wilczyce,2609082
Pińczów,2608043
Osiek – Staszowski,2612043
Waśniów,2607062
Złota,2608052
Sandomierz,2609011
Samborzec,2609072
Giżycko,2806011
Pasłęk,2804073
Kluczewsko,2613012
Iława,2807011
Barczewo,2814013
Bisztynek,2801043
Grunwald,2815032
Ostróda,2815011
Olsztyn – Olsztyn,2862011
Pozezdrze,2819022
Lelkowo,2802042
Działdowo,2803011
Braniewo  (gmina wiejska),2802022
Margonin,3001043
Tomice,1218082
Lwówek Śląski,212033
Warlubie,414112
Gostycyn,416022
Biała Podlaska (gmina wiejska),601032
Wisznice,601182
Sławatycze,601142
Piszczac,601112
Rossosz,601132
Buczek,1003012
Józefów – Otwocki,1417011
Celestynów,1417032
Kuczbork-Osada,1437022
Choroszcz,2002013
Tuchola,416063
Chodecz,418063
Goraj,602062
Turobin,602142
Gubin (gmina wiejska),802052
Gubin,802011
Bytnica,802032
Witonia,1004082
Lesznowola,1418032
Bodzanów,1419022
Chmielnik – Rzeszowski,1816042
Trzebownisko,1816132
Łapy,2002063
Poświętne – Białostocki,2002082
Lubraniec,418123
Częstochowa,2464011
Kuźnia Raciborska,2411053
Kornowac,2411022
Żarki,2409053
Włodowice,2416092
Żarnowiec,2416102
Miedzna,1433062
Korytnica,1433032
Racławice,1208062
Pcim,1209042
Janikowo,407053
Rymań,3208052
Biesiekierz,3209022
Janowiec,614032
Końskowola,614052
Puławy (gmina wiejska),614092
Liniewo,2206052
Zapolice,1019032
Galewice,1018032
Skołyszyn,1805092
Wojaszówka,1807092
Wojcieszów,226011
Złotoryja,226021
Pakość,407073
Rojewo,407082
Bobrowniki – Lipnowski,408022
Boleszkowice,3210022
Nowogródek Pomorski,3210052
Ulan-Majorat,615072
Nowodwór,616032
Stężyca – Rycki,616052
Świdnik,617011
Głowno,1020011
Głowno (gmina wiejska),1020052
Rogów,1021052
Garwolin,1403011
Borowie,1403032
Żelechów,1403143
Horyniec-Zdrój,1809032
Wąsosz – Górowski,204043
Lipiany,3212033
Kozielice,3212022
Darłowo (gmina wiejska),3213032
Tomaszów Lubelski,618011
Rachanie,618072
Potęgowo,2212072
Główczyce,2212042
Głuchów,1015022
Zawidz,1427072
Sokołów Podlaski,1429011
Skarbimierz,1601022
Jasienica Rosielna,1802052
Czarna – Bieszczadzki,1801032
Liszki,1206072
Sokółka,2011083
Suwałki (gmina wiejska),2012072
Klukowo,2013042
Milanów,613032
Inowłódz,1016052
Lubochnia,1016062
Sterdyń,1429092
Sochaczew,1428011
Iłów,1428032
Sochaczew (gmina wiejska),1428072
Teresin,1428082
Jarosław (gmina wiejska),1804042
Limanowa,1207011
Słopnice,1207112
Dąbrowa Chełmińska,403022
Solec Kujawski,403083
Ciechocin,405022
Radomin,405052
Świerzno,3207052
Chojna,3206033
Żychlin,1002113
Bedlno,1002022
Bielawa,202011
Ryńsk,417052
Rajcza,2417112
Godów,2415052
Istebna,2403092
Cisna,1821022
Lutowiska,1801052
Mrozy,1412123
Hajnówka (gmina wiejska),2005062
Jaworzyna Śląska,219043
Dębowiec – Cieszyński,2403062
Annopol,607023
Gorzków,606032
Rudnik – Krasnostawski,606092
Skąpe,808032
Łagów – Świebodziński,808022
Bojadła,809022
Babimost,809013
Czarnocin – Piotrkowski,1010022
Moszczenica – Piotrkowski,1010062
Rozprza,1010082
Poddębice,1011033
Klwów,1423032
Rusinów,1423072
Dobrodzień,1608013
Iwkowa,1202062
Mońki,2008063
Boguszów-Gorce,221011
Kamienica Polska,2404042
Michów,608082
Ostrówek – Lubartowski,608112
Czerwieńsk,809033
Gomunice,1012042
Lgota Wielka,1012082
Radomsko (gmina wiejska),1012122
Jastrzębia,1425042
Ozimek,1609083
Babice,1203022
Mędrzechów,1204042
Perlejewo,2010082
Wołów,222033
Długołęka,223022
Krzęcin,3202042
Brąszewice,1014032
Wolanów,1425122
Mordy,1426053
Siedlce (gmina wiejska),1426082
Leśnica,1611043
Ujazd – Strzelecki,1611063
Zawadzkie,1611073
Biecz,1205023
Puńsk,2009042
Kuźnica,2011052
Sidra,2011072
Stoczek Łukowski,611021
Debrzno,2203043
Kobylnica,2212062
Huszlew,1410012
Łosice,1410023
Goszczyn,1406042
Błędów,1406022
Czarna – Łańcucki,1810032
Wolbrom,1212073
Sucha Beskidzka,1215021
Wądroże Wielkie,205062
Wielgie,408092
Tłuchowo,408082
Radziejów,411011
Chociwel,3214023
Ińsko,3214053
Urszulin,619052
Radecznica,620082
Starogard Gdański (gmina wiejska),2213122
Zblewo,2213132
Tczew (gmina wiejska),2214062
Szelków,1411102
Mińsk Mazowiecki,1412011
Stanisławów,1412142
Sulejówek,1412151
Gniewoszów,1407032
Łańcut (gmina wiejska),1810042
Rzepiennik Strzyżewski,1216072
Kłodzko (gmina wiejska),208072
Szczawnica,1211023
Sękowa,1205092
Szczytna,208143
Lewin Kłodzki,208092
Józefów nad Wisłą,612023
Wiślica,2601083
Sanniki,1404043
Jednorożec,1422042
Jasionówka,2008022
Tychy,2477011
Nowe Miasto nad Wartą,3025032
Sopot,2264011
Hel,2211011
Krokowa,2211062
Rawa Mazowiecka (gmina wiejska),1013042
Zduńska Wola (gmina wiejska),1019042
Czerniewice,1016042
Mały Płock,2006042
Iława (gmina wiejska),2807032
Bartoszyce (gmina wiejska),2801032
Świerklaniec,2413072
Orzesze,2408031
Sadowne,1433072
Wolin,3207063
Pacanów,2601043
Swarzędz,3021163
Drawsko,3002032
Połajewo,3002062
Włoszakowice,3013072
Rydzyna,3013043
Czajków,3018012
Kaczory,3019032
Piła,3019011
Wysoka,3019093
Ujście,3019073
Kleszczewo,3021062
Obrzycko (gmina wiejska),3024042
Miejska Górka,3022033
Skoki,3028053
Krajenka,3031033
Wilczyn,3010142
Sompolno,3010103
Dąbie – Kolski,3009043
Stawiszyn,3007093
Trzcinica,3008072
Kłodawa – Kolski,3009063
Kazimierz Biskupi,3010032
Zakrzewo – Złotowski,3031072
Zduny – Krotoszyński,3012063
Kłobuck,2406013
Koźmin Wielkopolski,3012033
Wielowieś,2405082
Międzyrzecz,803023
Bytom Odrzański,804023
Ośno Lubuskie,805033
Rzgów – Łódzki Wschodni,1006103
Paradyż,1007052
Opoczno,1007043
Sławno – Opoczyński,1007072
Załuski,1420122
Gogolin,1605013
Zdzieszowice,1605053
Przemków,216053
Borów,217012
Jasienica,2402052
Wilamowice,2402093
Werbkowice,604082
Dzwola,605032
Fajsławice,606022
Słubice – Słubicki,805053
Zwierzyn,806052
Słońsk,807032
Rząśnia,1009052
Pruszków,1421021
Wiśniowa – Strzyżowski,1819052
Tuczno,3217043
Chełm,662011
Zamość – Zamość,664011
Brody – Żarski,811032
Linia,2215062
Mława,1413011
Harasiuki,1812012
Wojnicz,1216133
Ruja,209082
Więcbork,413043
Drzycim,414032
Dobra – Łobeski,3218013
Radowo Małe,3218032
Terespol,601021
Lipinki Łużyckie,811052
Zakroczym,1414063
Czerwin,1415032
Krzywcza,1813052
Busko-Zdrój,2601013
Chmielnik – Kielecki,2604043
Górno,2604062
Iwaniska,2606022
Fałków,2605012
Skarżysko-Kamienna,2610011
Michałów,2608032
Bodzechów,2607032
Rytwiany,2612062
Krasocin,2613022
Kielce,2661011
Młynary,2804063
Prostki,2805042
Kętrzyn (gmina wiejska),2808032
Reszel,2808053
Orneta,2809053
Olsztynek,2814093
Kiwity,2809022
Piecki,2810042
Kurzętnik,2812042
Ruciane-Nida,2816043
Biała Piska,2816013
Pisz,2816033
Miłakowo,2815063
Frombork,2802033
Górowo Iławeckie,2801021
Braniewo,2802011
Krzemieniewo,3013012
Chodzież (gmina wiejska),3001032
Lanckorona,1218042
Świekatowo,414102
Śliwice,416052
Drelów,601042
Janów Podlaski,601052
Sosnówka,601152
Tuczna,601172
Zalesie,601192
Osieck,1417062
Otwock,1417021
Somianka,1435042
Siemiątkowo,1437052
Tryńcza,1814082
Kraków,1261011
Malczyce,218022
Udanin,218052
Milicz,213033
Józefów – Biłgorajski,602073
Tarnogród,602123
Tereszpol,602132
Maszewo – Krośnieński,802072
Brójce,1006032
Radzanowo,1419102
Płock,1462011
Lubenia,1816102
Besko,1817022
Turośń Kościelna,2002112
Kwidzyn,2207011
Lubanie,418102
Kowal (gmina wiejska),418092
Lubień Kujawski,418113
Rogowo – Żniński,419052
Katowice,2469011
Czerwionka-Leszczyny,2412013
Imielin,2414021
Lędziny,2414031
Zawiercie,2416021
Roźwienica,1804102
Gołcza,1208022
Inowrocław (gmina wiejska),407042
Żyrzyn,614112
Nałęczów,614083
Dziemiany,2206022
Kościerzyna (gmina wiejska),2206042
Stara Kiszewa,2206082
Lichnowy,2209032
Tarnowiec,1805112
Chorkówka,1807012
Miejsce Piastowe,1807072
Wiśniowa – Myślenicki,1209092
Grybów,1210011
Łabowa,1210082
Grybów (gmina wiejska),1210042
Łagiewniki,202062
Lipno – Lipnowski,408011
Piaski – Świdnicki,617033
Mełgiew,617022
Stegna,2210042
Ustka,2212011
Opinogóra Górna,1402072
Sońsk,1402092
Pilawa,1403103
Cieszanów,1809023
Lubaczów,1809042
Wielkie Oczy,1809082
Podegrodzie,1210142
Stary Sącz,1210163
Kotla,203042
Malechowo,3213042
Ulhówek,618132
Godzianów,1015032
Słupia,1015092
Sabnie,1429072
Michałowice – Krakowski,1206082
Rutka-Tartak,2012062
Ciechanowiec,2013023
Ciechocinek,401021
Zakrzewo – Aleksandrowski,401092
Bobrowo,402022
Górzno – Brodnicki,402053
Płoty,3205043
Dębowa Kłoda,613012
Pruszcz Gdański,2204011
Budziszewice,1016032
Rokiciny,1016072
Tomaszów Mazowiecki (gmina wiejska),1016092
Mirów,1430032
Błonie,1432013
Dębica (gmina wiejska),1803042
Pruchnik,1804073
Radymno (gmina wiejska),1804082
Kamienica,1207052
Gryfino,3206043
Zbąszyń,3015063
Lasowice Wielkie,1604032
Żukowice,203062
Kamienna Góra (gmina wiejska),207022
Mielno,3209053
Morawica,2604123
Pietrowice Wielkie,2411072
Goleszów,2403072
Dukla,1807023
Kietrz,1602043
Czyże,2005042
Prusice,220023
Brenna,2403042
Kraśnik (gmina wiejska),607052
Torzym,807053
Potworów,1423052
Obryte,1424022
Praszka,1608043
Radłów – Oleski,1608052
Borzęcin,1202012
Gnojnik,1202052
Zawonia,220052
Wisznia Mała,220042
Wałbrzych,265011
Olsztyn – Częstochowski,2404122
Starcza,2404162
Małomice,810053
Zadzim,1011062
Świercze,1424052
Winnica,1424062
Przytyk,1425092
Jedlnia-Letnisko,1425062
Turawa,1609132
Biała – Prudnicki,1610013
Mielnik,2010052
Jordanów Śląski,223032
Bardo,224013
Drawno,3202033
Jabłonna – Lubelski,609062
Strzyżewice,609122
Niedrzwica Duża,609102
Kołczygłowy,2201042
Regnów,1013052
Błaszki,1014023
Brzeźnio,1014042
Skaryszew,1425103
Korczew,1426022
Sejny (gmina wiejska),2009052
Korycin,2011032
Bolesławiec,201011
Osiecznica,201052
Nieszawa,401031
Nowogard,3204043
Czaplinek,3203013
Milejów,610042
Spiczyn,610062
Wojcieszków,611102
Warta,1014093
Markowa,1810052
Ochotnica Dolna,1211102
Bukowno,1212011
Przeciszów,1213082
Koniusza,1214012
Nowe Brzesko,1214033
Bolków,205023
Kobylanka,3214062
Stara Dąbrowa,3214092
Biała Podlaska,661011
Włodawa,619011
Wyryki,619082
Pelplin,2214043
Sieciechów,1407072
Rakszawa,1810062
Mielec,1811011
Gawłuszowice,1811042
Radomyśl Wielki,1811083
Chełmek,1213033
Stryszawa,1215072
Gromnik,1216022
Kłodzko,208021
Mrocza,410023
Brzuze,412022
Zakopane,1217011
Jabłonka,1211052
Piwniczna-Zdrój,1210133
Krynica-Zdrój,1210073
Urzędów,607083
Zgorzelec (gmina wiejska),225072
Zgorzelec,225021
Złoty Stok,224073
Świeradów-Zdrój,210021
Nowa Ruda (gmina wiejska),208112
Podgórzyn,206082
Zielona Góra,862011
Stepnica,3204073
Skierniewice (gmina wiejska),1015082
Myszyniec,1415083
Rybnik,2473011
Rawa Mazowiecka,1013011
Sędziszów Małopolski,1815043
Tyczyn,1816143
Tarnowskie Góry,2413041
Koszyce,1214023
Lubowidz,1437033
Dobromierz,219032
Łódź,1061011
Cielądz,1013032
Andrzejewo,1416022
Lubawa (gmina wiejska),2807052
Tarnowo Podgórne,3021172
Cewice,2208032
Grudusk,1402052
Sokolniki,1018062
Lututów,1018043
Zaręby Kościelne,1416112
Ostrów Mazowiecka,1416011
Dziwnów,3207013
Trzebiatów,3205083
Puszcza Mariańska,1438032
Stopnica,2601063
Rogoźno,3016023
Sieraków,3014043
Chrzypsko Wielkie,3014012
Ostrów Wielkopolski,3017011
Białośliwie,3019022
Łobżenica,3019043
Mosina,3021103
Mieścisko,3028042
Wągrowiec,3028011
Tuliszków,3027073
Jastrowie,3031023
Kołaczkowo,3030012
Kamieniec,3005032
Rychwał,3010073
Ślesin,3010123
Leszno – Leszno,3063011
Kłecko,3003053
Kościelec,3009082
Przedecz,3009113
Koło,3009011
Olszówka,3009092
Witkowo,3003103
Poniec,3004073
Krzepice,2406023
Sulmierzyce – Krotoszyński,3012011
Krzywiń,3011043
Popów,2406072
Pilchowice,2405042
Boronów,2407022
Herby,2407042
Ruda-Huta,603092
Dorohusk,603042
Wierzbica – Chełmski,603122
Nowe Miasteczko,804063
Drzewica,1007023
Mała Wieś,1419082
Łąck,1419072
Wyszogród,1419153
Kędzierzyn-Koźle,1603011
Cisek,1603032
Sanok (gmina wiejska),1817052
Zaleszany,1818062
Wiązów,217053
Bydgoszcz,461011
Lisewo,404042
Unisław,404072
Będzin,2401011
Hrubieszów (gmina wiejska),604042
Trzeszczany,604062
Godziszów,605042
Chrzanów – Janowski,605022
Kraśniczyn,606062
Krasnystaw,606011
Stare Kurowo,806032
Pabianice,1008021
Strzelce Wielkie,1009072
Siemkowice,1009062
Brwinów,1421033
Lesko,1821033
Grzmiąca,3215052
Szczebrzeszyn,620133
Łęknica,811011
Legionowo,1408011
Sienno,1409052
Jeżowe,1812032
Jarocin – Niżański,1812022
Węgorzyno,3218053
Międzyrzec Podlaski (gmina wiejska),601102
Rusiec,1001062
Kutno,1002011
Krośniewice,1002043
Dąbrowice,1002032
Olszewo-Borki,1415092
Troszyn,1415112
Lipsko,1409033
Jadów,1434062
Przemyśl – Przemyski,1813082
Orły,1813072
Stubno,1813092
Kalwaria Zebrzydowska,1218033
Andrychów,1218013
Mucharz,1218052
Małogoszcz,2602033
Tuczępy,2601072
Solec-Zdrój,2601052
Opatów – Opatowski,2606043
Miedziana Góra,2604102
Masłów,2604092
Mirzec,2611032
Skarżysko Kościelne,2610042
Suchedniów,2610053
Działoszyce,2608013
Kruklanki,2806052
Rychliki,2804082
Milejewo,2804052
Ełk,2805011
Biskupiec – Nowomiejski,2812022
Dywity,2814042
Węgorzewo,2819033
Pieniężno,2802053
Płoskinia,2802062
Lidzbark,2803043
Biskupice,1219012
Lubomierz,212023
Łysomice,415062
Rokitno,601122
Kutno (gmina wiejska),1002062
Wiązowna,1417082
Bieżuń,1437013
Krasne – Rzeszowski,1816092
Cieszków,213012
Krośnice,213022
Bielsko-Biała,2461011
Biłgoraj,602011
Frampol,602053
Księżpol,602082
Rejowiec Fabryczny,603011
Kłodawa – Gorzowski,801042
Świnice Warckie,1004072
Domaniewice,1005042
Łyszkowice,1005082
Nowosolna,1006082
Prażmów,1418052
Brudzeń Duży,1419032
Mszczonów,1438023
Dynów (gmina wiejska),1816052
Juchnowiec Kościelny,2002052
Sadlinki,2207062
Barcin,419013
Goczałkowice-Zdrój,2410012
Rydułtowy,2415031
Mszana,2415092
Radziechowy-Wieprz,2417102
Ślemień,2417122
Szczekociny,2416083
Kampinos,1432032
Cmolas,1806012
Dobczyce,1209013
Grudziądz – Grudziądzki,406012
Świecie nad Osą,406062
Gniewkowo,407033
Manowo,3209042
Markuszów,614072
Wąwolnica,614102
Sulęczyno,2205072
Żukowo,2205083
Skomlin,1017082
Łubnice – Wieruszowski,1018052
Jedlicze,1807043
Raciechowice,1209052
Kamionka Wielka,1210052
Łososina Dolna,1210102
Pielgrzymka,226032
Świerzawa,226043
Złotoryja (gmina wiejska),226062
Kikół,408052
Dobra (Szczecińska),3211012
Wohyń,615082
Ryki,616043
Stare Pole,2209082
Leżajsk  (gmina wiejska),1808042
Kuryłówka,1808032
Nowa Sarzyna,1808053
Oleszyce,1809063
Niechlów,204032
Sławno – Sławieński,3213021
Bełżec,618022
Gozdowo,1427022
Bielany,1429022
Sokołów Podlaski (gmina wiejska),1429082
Nozdrzec,1802062
Jodłowa,1803052
Dębica,1803011
Igołomia-Wawrzeńczyce,1206022
Jerzmanowice-Przeginia,1206042
Wola Mysłowska,611112
Nowa Wieś Lęborska,2208042
Będków,1016022
Rzeczyca,1016082
Konopnica – Wieluński,1017032
Orońsko,1430042
Pilzno,1803063
Laszki,1804052
Jodłownik,1207042
Łukowica,1207082
Nowe Piekuty,2013072
Rutki,2014032
Koronowo,403043
Cedynia,3206023
Susz,2807063
Lwówek,3015023
Spytkowice – Nowotarski,1211132
Czarnków (gmina wiejska),3002022
Krzanowice,2411033
Hażlach,2403082
Wisła,2403031
Michałowo,2002073
Kościelisko,1217042
Świdnica – Świdnicki,219011
Marcinowice,219052
Oborniki Śląskie,220013
Skoczów,2403103
Kraśnik,607011
Szastarka,607062
Żółkiewka,606112
Przysucha,1423063
Gielniów,1423022
Gzy,1424012
Olesno – Oleski,1608033
Murów,1609062
Brzesko,1202023
Bochnia (gmina wiejska),1201022
Przytuły,2007062
Jedwabne,2007013
Jedlina-Zdrój,221021
Blachownia,2404013
Janów – Częstochowski,2404032
Lelów,2404092
Mykanów,2404112
Zakrzówek,607102
Niedźwiada,608092
Kargowa,809043
Dalików,1011012
Kowala,1425072
Bolesław – Dąbrowski,1204012
Jaświły,2008032
Kobierzyce,223052
Recz,3202063
Studzienice,2201082
Przedbórz,1012113
Zakrzew – Radomski,1425132
Jemielnica,1611022
Grodków,1601033
Lewin Brzeski,1601043
Bobowa,1205033
Iwanowice,1206032
Krynki,2011043
Suchowola,2011093
Bolesławiec (gmina wiejska),201022
Warta Bolesławiecka,201062
Nowogrodziec,201043
Raciążek,401072
Cyców,610012
Serokomla,611062
Łuków (gmina wiejska),611052
Klonowa,1014072
Wróblew,1014102
Platerów,1410042
Młynarze,1411052
Sypniewo,1411092
Gostynin (gmina wiejska),1404022
Milanówek,1405011
Podkowa Leśna,1405021
Łańcut,1810011
Olkusz,1212053
Dobrzyń nad Wisłą,408043
Lipno (gmina wiejska),408062
Mogilno,409033
Szczecinek (gmina wiejska),3215062
Skierbieszów,620102
Kaliska,2213052
Subkowy,2214052
Latowicz,1412102
Grójec,1406053
Żołynia,1810072
Szubin,410053
Wąpielsk,412062
Krościenko nad Dunajcem,1211062
Międzylesie,208103
Lądek-Zdrój,208083
Bystrzyca Kłodzka,208063
Duszniki-Zdrój,208011
Szklarska Poręba,206041
Karpacz,206011
Otyń,804073
Łagów – Kielecki,2604073
Lubycza Królewska,618053
Zamość – Zamojski,620142
Knyszyn,2008043
Bartoszyce,2801011
Szydłów,2612083
Pabianice (gmina wiejska),1008072
Dobrzeń Wielki,1609032
Czarna Woda,2213013
Nowy Korczyn,2601033
Konin,3062011
Wielbark,2817083
Poznań,3064011
Osieczna – Leszczyński,3013033
Wijewo,3013062
Szamocin,3001053
Krzyż Wielkopolski,3002043
Odolanów,3017033
Miedzichowo,3015032
Doruchów,3018022
Sośnie,3017082
Pleszew,3020063
Zaniemyśl,3025052
Dolsk,3026023
Dominowo,3025012
Damasławek,3028022
Wapno,3028062
Września,3030053
Siedlec,3029022
Przemęt,3029012
Rzgów – Koniński,3010082
Koźminek,3007052
Ceków-Kolonia,3007032
Godziesze Wielkie,3007042
Lisków,3007062
Gniezno (gmina wiejska),3003032
Grzegorzew,3009052
Niechanowo,3003082
Grodzisk Wielkopolski,3005023
Miedźno,2406042
Przystajń,2406082
Kochanowice,2407052
Pyskowice,2405021
Panki,2406062
Buczkowice,2402032
Skwierzyna,803053
Siedlisko,804082
Słupno,1419122
Joniec,1420062
Płońsk (gmina wiejska),1420092
Pawłowiczki,1603042
Strzeleczki,1605032
Walce,1605042
Sanok,1817011
Bojanów,1818022
Frysztak,1819022
Czudec,1819012
Niebylec,1819032
Bielsk Podlaski,2003011
Rudka,2003072
Chełmno,404011
Dołhobyczów,604022
Krzeszyce,807012
Dobroń,1008042
Dłutów,1008032
Raszyn,1421062
Chorzele,1422023
Łambinowice,1607042
Korfantów,1607033
Nysa,1607053
Skoroszyce,1607092
Połczyn-Zdrój,3216033
Stary Zamość,620112
Zwierzyniec,620153
Żary,811021
Wiśniewo,1413102
Stupsk,1413062
Nasielsk,1414043
Serock,1408043
Solec nad Wisłą,1409062
Biały Dunajec,1217022
Chojnów (gmina wiejska),209022
Lubań,210011
Kamień Krajeński,413013
Pruszcz,414082
Żary (gmina wiejska),811102
Sława,812013
Kluki,1001052
Nowe Ostrowy,1002082
Lelis,1415062
Boguty-Pianki,1416032
Wadowice,1218093
Sobków,2602082
Oksa,2602052
Gnojno,2601022
Skalbmierz,2603053
Daleszyce,2604053
Raków,2604162
Strawczyn,2604182
Ruda Maleniecka,2605052
Zagnańsk,2604192
Łoniów,2609052
Obrazów,2609062
Tarłów,2606072
Wąchock,2611053
Wojciechowice,2606082
Starachowice,2611011
Bałtów,2607022
Stare Juchy,2805052
Radków – Włoszczowski,2613042
Secemin,2613052
Korsze,2808043
Kętrzyn,2808011
Lubomino,2809042
Nowe Miasto Lubawskie,2812011
Jeziorany,2814063
Janowo,2811022
Sorkwity,2810052
Grodziczno,2812032
Łukta,2815042
Szczytno (gmina wiejska),2817062
Purda,2814102
Rybno – Działdowski,2803062
Płośnica,2803052
Działdowo (gmina wiejska),2803022
Chodzież,3001011
Tarnów – Tarnów,1263011
Chełmża,415011
Cekcyn,416012
Lubiewo,416042
Daszyna,1004022
Kołbiel,1417052
Sobienie-Jeziory,1417072
Przeworsk (gmina wiejska),1814062
Ostrów,1815022
Wieliczka,1219053
Bargłów Kościelny,2001032
Kostomłoty,218012
Miękinia,218032
Środa Śląska,218043
Bierutów,214023
Dziadowa Kłoda,214042
Międzybórz,214053
Boniewo,418032
Biszcza,602042
Obsza,602102
Witnica,801073
Chąśno,1005032
Łowicz (gmina wiejska),1005072
Radziejowice,1438042
Hyżne,1816072
Sokołów Małopolski,1816113
Kwidzyn (gmina wiejska),2207032
Jelcz-Laskowice,215033
Janowiec Wielkopolski,419033
Żnin,419063
Gliwice,2466011
Racibórz,2411011
Pawłowice,2410042
Bojszowy,2414042
Miasteczko Śląskie,2413021
Irządze,2416032
Gilowice,2417032
Łochów,1433053
Stoczek,1433082
Raniżów,1806052
Kozłów,1208032
Siepraw,1209062
Radzyń Chełmiński,406043
Gruta,406022
Kołobrzeg,3208011
Gościno,3208033
Kołobrzeg (gmina wiejska),3208042
Siemyśl,3208062
Będzino,3209012
Sosnowica,613072
Baranów – Puławski,614022
Stężyca – Kartuski,2205062
Nowa Karczma,2206072
Bolesławiec – Wieruszowski,1018012
Ciechanów (gmina wiejska),1402022
Ciechanów,1402011
Gródek nad Dunajcem,1210032
Wrocław,264011
Piława Górna,202041
Police,3211043
Radzyń Podlaski,615011
Miłoradz,2209062
Ostaszewo,2210032
Sztutowo,2210052
Wieruszów,1018073
Zgierz,1020031
Ozorków (gmina wiejska),1020062
Zgierz (gmina wiejska),1020092
Jeżów,1021042
Maciejowice,1403072
Sobolew,1403112
Przelewice,3212042
Dobrzany,3214033
Dębnica Kaszubska,2212032
Lipce Reymontowskie,1015052
Sierpc,1427011
Szczutowo,1427062
Ceranów,1429032
Dydnia,1802032
Sułoszowa,1206132
Raczki,2012052
Bądkowo,401052
Aleksandrów Kujawski (gmina wiejska),401042
Brodnica,402011
Bartniczka,402062
Jabłonowo Pomorskie,402073
Gryfice,3205023
Kamień Pomorski,3207033
Chodel,612012
Wilków – Opolski,612072
Cedry Wielkie,2204022
Chmielno,2205012
Czarnożyły,1017022
Młodzieszyn,1428042
Rybno – Sochaczewski,1428062
Wielka Wieś,1206152
Dobra – Limanowski,1207032
Mszana Dolna,1207021
Niedźwiedź,1207102
Tymbark,1207122
Kulesze Kościelne,2013062
Kobylin-Borzymy,2013052
Osielsko,403062
Stare Czarnowo,3206072
Trzcińsko-Zdrój,3206083
Opalenica,3015053
Głogów,203011
Sępopol,2801063
Stargard (gmina wiejska),3214102
Dobrzyca,3020033
Giby,2009022
Płaska,2001062
Ustroń,2403021
Białowieża,2005022
Krempna,1805062
Głubczyce,1602033
Branice,1602022
Przemyśl – Przemyśl,1862011
Hajnówka,2005011
Narew,2005082
Siennica Różana,606102
Wilkołaz,607092
Sulęcin,807043
Wolbórz,1010113
Aleksandrów – Piotrkowski,1010012
Odrzywół,1423042
Wieniawa,1423082
Rudniki,1608062
Zębowice,1608072
Dębno – Brzeski,1202042
Szczurowa,1202072
Nowy Wiśnicz,1201063
Łapanów,1201052
Dąbrowa Zielona,2404022
Jeziorzany,608042
Firlej,608032
Kamionka,608052
Ostrów Lubelski,608103
Serniki,608122
Nowogród Bobrzański,809053
Wymiarki,810082
Kodrąb,1012072
Zatory,1424072
Jedlińsk,1425052
Tarnów Opolski,1609112
Rzezawa,1201072
Dąbrowa Tarnowska,1204023
Milejczyce,2010062
Drohiczyn,2010023
Grodzisk,2010042
Nurzec-Stacja,2010072
Mietków,223062
Sobótka,223073
Pełczyce,3202053
Uścimów,608132
Konopnica – Lubelski,609082
Głusk,609052
Jastków,609072
Wojciechów,609132
Borzytuchom,2201012
Bytów,2201023
Żytno,1012142
Sieradz,1014011
Paprotnia,1426062
Wiśniew,1426112
Skórzec,1426092
Suchożebry,1426102
Zbuczyn,1426132
Szczucin,1204073
Moszczenica – Gorlicki,1205072
Siemiatycze (gmina wiejska),2010092
Dąbrowa Białostocka,2011013
Janów – Sokólski,2011022
Osina,3204052
Wólka,609142
Łuków,611011
Krzywda,611042
Ustka (gmina wiejska),2212102
Bobowo,2213042
Sarnaki,1410052
Klucze,1212042
Zator,1213093
Jordanów,1215011
Bystra-Sidzina,1215042
Budzów,1215032
Jeżów Sudecki,206062
Kamienna Góra,207011
Strzelno,409043
Hanna,619022
Włodawa (gmina wiejska),619062
Sułów,620122
Halinów,1412073
Kałuszyn,1412093
Garbatka-Letnisko,1407012
Przecław,1811073
Polanka Wielka,1213072
Maków Podhalański,1215063
Zembrzyce,1215092
Skrzyszów,1216082
Sadki,410042
Czarny Dunajec,1211032
Uście Gorlickie,1205102
Mieroszów,221063
Radków – Kłodzki,208123
Piechowice,206031
Zaklików,1818053
Komprachcice,1609042
Tułowice,1609123
Włocławek (gmina wiejska),418132
Alwernia,1203013
Gozdnica,810011
Brusy,2202023
Kowale Oleckie,2813032
Krzykosy,3025022
Szemud,2215092
Władysławowo,2211043
Złocieniec,3203063
Głogów Małopolski,1816063
Nowa Słupia,2604133
Paszowice,205052
Nieborów,1005092
Miastkowo,2007032
Śniadowo,2007072
Szumowo,2014042
Bolimów,1015012
Chrząstowice,1609012
Człuchów (gmina wiejska),2203032
Wierzchowo,3203052
Lubawa,2807021
Suchy Las,3021152
Słupia Konecka,2605062
Wierzchlas,1017102
Pątnów,1017072
Kosów Lacki,1429053
Brok,1416043
Rewal,3205072
Bogoria,2612012
Kwilcz,3014022
Międzychód,3014033
Przygodzice,3017052
Raszków,3017063
Miasteczko Krajeńskie,3019052
Gizałki,3020042
Wyrzysk,3019083
Pobiedziska,3021123
Pyzdry,3030043
Mieleszyn,3003072
Borek Wielkopolski,3004013
Brzeziny – Kaliski,3007022
Wierzbinek,3010132
Szczytniki,3007102
Baranów – Kępiński,3008012
Pępowo,3004042
Krobia,3004033
Piaski – Gostyński,3004052
Rychtal,3008062
Osiek Mały,3009102
Babiak,3009022
Golina,3010013
Rozdrażew,3012052
Śmigiel,3011053
Siemianowice Śląskie,2474011
Nowa Sól,804011
Białaczów,1007012
Nowy Duninów,1419092
Raciąż (gmina wiejska),1420102
Wilków – Namysłowski,1606052
Bukowsko,1817032
Zarszyn,1817082
Bielsk Podlaski (gmina wiejska),2003032
Polkowice,216043
Radwanice,216062
Kondratowice,217022
Grudziądz – Grudziądz,462011
Toruń,463011
Kijewo Królewskie,404032
Tarnobrzeg,1864011
Wojkowice,2401031
Czeladź,2401021
Psary,2401062
Sławków,2401081
Dobiegniew,806013
Drezdenko,806023
Ksawerów,1008052
Pokój,1606032
Świerczów,1606042
Borne Sulinowo,3215043
Człopa,3217023
Lublin,663011
Mikołajki Pomorskie,2216022
Dzierzgoń,2216013
Sztum,2216053
Szreńsk,1413072
Przyłęk,1436032
Wieliszew,1408052
Chotcza,1409012
Wadowice Górne,1811102
Nisko,1812053
Rudnik nad Sanem,1812063
Wierzchosławice,1216112
Żabno,1216153
Olszyna,210053
Dragacz,414022
Bukowiec,414012
Nowe,414063
Resko,3218043
Międzyrzec Podlaski,601011
Kodeń,601062
Kleszczów,1001042
Zelów,1001083
Kadzidło,1415052
Zielonka,1434041
Dubiecko,1813022
Medyka,1813062
Jawornik Polski,1814042
Sieniawa,1814073
Gowarczów,2605022
Łopuszno,2604082
Lipnik,2606032
Ćmielów,2607043
Brody – Starachowicki,2611022
Pawłów,2611042
Kunów,2607053
Godkowo,2804022
Ełk (gmina wiejska),2805022
Moskorzew,2613032
Lidzbark Warmiński (gmina wiejska),2809032
Giżycko (gmina wiejska),2806042
Ryn,2806083
Gietrzwałd,2814052
Olecko,2813043
Biskupiec – Olsztyński,2814023
Świętajno – Olecki,2813052
Dąbrówno,2815022
Pasym,2817043
Stawiguda,2814112
Elbląg,2861011
Banie Mazurskie,2818012
Iłowo-Osada,2803032
Wieprz,1218102
Rudna,211032
Lubicz,415042
Czernikowo,415032
Łubianka,415052
Obrowo,415072
Leśna Podlaska,601082
Terespol (gmina wiejska),601162
Kostrzyn nad Odrą,801011
Wąsewo,1416102
Wyszków,1435053
Wielopole Skrzyńskie,1815052
Nowinka,2001052
Sztabin,2001072
Dębowa Łąka,417022
Baruchowo,418022
Bytom,2462011
Lubiszyn,801052
Łowicz,1005011
Bielawy,1005022
Zduny – Łowicki,1005102
Konstancin-Jeziorna,1418023
Bulkowo,1419042
Gąbin,1419063
Warszawa,1465011
Baborów,1602013
Dobrzyniewo Duże,2002032
Oława (gmina wiejska),215042
Łabiszyn,419043
Gąsawa,419022
Ruda Śląska,2472011
Jejkowice,2412032
Świerklany,2412052
Kalety,2413011
Wodzisław Śląski,2415041
Czernichów – Żywiecki,2417022
Poręba,2416011
Łodygowice,2417082
Milówka,2417092
Świnna,2417132
Koszarawa,2417052
Łękawica,2417072
Łomianki,1432053
Dzikowiec,1806062
Majdan Królewski,1806032
Jasło (gmina wiejska),1805042
Książ Wielki,1208042
Dąbrowa Biskupia,407022
Siemień,613062
Puławy,614011
Czemierniki,615032
Kartuzy,2205023
Kościerzyna,2206011
Lipusz,2206062
Radzanów – Białobrzeski,1401032
Białobrzegi – Białobrzeski,1401013
Promna,1401022
Stara Błotnica,1401042
Wyśmierzyce,1401063
Regimin,1402082
Korczyna,1807052
Legnica,262011
Niemcza,202073
Świeszyno,3209082
Myślibórz,3210043
Nowe Warpno,3211033
Kąkolewnica,615042
Dęblin,616011
Ułęż,616062
Kosakowo,2211052
Aleksandrów Łódzki,1020043
Brzeziny,1021011
Brzeziny (gmina wiejska),1021022
Łaskarzew (gmina wiejska),1403062
Trojanów,1403122
Rytro,1210152
Trawniki,617052
Rybczewice,617042
Jarczów,618032
Maków,1015062
Brzozów,1802013
Krzeszowice,1206063
Skała,1206103
Skawina,1206113
Szudziałowo,2011102
Szypliszki,2012082
Brodnica (gmina wiejska),402032
Karnice,3205032
Trąbki Wielkie,2204082
Pruszcz Gdański (gmina wiejska),2204042
Żelechlinek,1016112
Tomaszów Mazowiecki,1016011
Ujazd – Tomaszowski,1016102
Rokietnica – Jarosławski,1804092
Chłopice,1804032
Zabierzów,1206162
Kołaki Kościelne,2014022
Zbiczno,402102
Białe Błota,403012
Kowalewo Pomorskie,405043
Mieszkowice,3206053
Moryń,3206063
Męcinka,205032
Gołuchów,3020052
Miłki,2806062
Dzierżoniów,202021
Jastrzębie-Zdrój,2467011
Gorzyce – Wodzisławski,2415062
Zebrzydowice,2403122
Cieszyn,2403011
Lipsk,2001043
Komańcza,1817042
Głogówek,1610023
Solina,1821052
Radziłów,2004032
Dubicze Cerkiewne,2005052
Kolno (gmina wiejska),2006032
Grabowo,2006022
Żarów,219083
Strumień,2403113
Koniecpol,2404063
Krasnystaw (gmina wiejska),606052
Świebodzin,808053
Zbąszynek,808063
Gorzkowice,1010032
Łęki Szlacheckie,1010052
Grabica,1010042
Wola Krzysztoporska,1010102
Wartkowice,1011052
Bochnia,1201011
Kłomnice,2404052
Rędziny,2404152
Białogard,3201011
Lubartów,608011
Kock,608063
Sulechów,809063
Uniejów,1011043
Pęczniew,1011022
Pułtusk,1424043
Iłża,1425033
Strzelce Opolskie,1611053
Izbicko,1611012
Borzechów,609022
Bełżyce,609013
Bychawa,609033
Niemce,609112
Iłowa,810043
Trzebielino,2201092
Wielgomłyny,1012132
Biała Rawska,1013023
Domanice,1426012
Kolonowskie,1611033
Gorlice,1205011
Lipinki,1205052
Ropa,1205082
Tuchomie,2201102
Czarne,2203023
Burzenin,1014052
Sieradz (gmina wiejska),1014082
Smołdzino,2212092
Słupsk,2263011
Karniewo,1411032
Gostynin,1404011
Grodzisk Mazowiecki,1405043
Belsk Duży,1406012
Białobrzegi – Łańcucki,1810022
Szaflary,1211142
Trzyciąż,1212062
Osiek – Oświęcimski,1213052
Oświęcim,1213011
Bytoń,411022
Marianowo,3214082
Suchań,3214113
Tyszowce,618123
Nielisz,620072
Osieczna – Starogardzki,2213072
Skarszewy,2213093
Dobre – Miński,1412062
Warka,1406113
Kęty,1213043
Tuchów,1216103
Ciężkowice,1216013
Polanica-Zdrój,208051
Czorsztyn,1211042
Zawidów,225011
Stronie Śląskie,208133
Dąbrowa – Opolski,1609022
Węgliniec,225063
Czarnia,1415022
Rzekuń,1415102
Grajewo (gmina wiejska),2004022
Grajewo,2004011
Kobiór,2410022
Środa Wielkopolska,3025043
Świnoujście,3263011
Jastarnia,2211023
Sulejów,1010093
Zbójna,2007092
Pilica,2416073
Jutrosin,3022023
Piekary Śląskie,2471011
Piątek,1004063
Konarzyny,2202052
Ostrów Mazowiecka (gmina wiejska),1416072
Choczewo,2215042
Borkowice,1423012
Chlewiska,1430012
Skulsk,3010092
Oborniki,3016013
Kuślin,3015012
Ryczywół,3016032
Święciechowa,3013052
Kobyla Góra,3018042
Duszniki,3024022
Ostroróg,3024053
Kaźmierz,3024032
Śrem,3026043
Strzałkowo,3023072
Kawęczyn,3027042
Brodnica – Śremski,3026012
Gołańcz,3028033
Nekla,3030033
Wągrowiec (gmina wiejska),3028072
Lipka,3031042
Złotów (gmina wiejska),3031082
Kiszkowo,3003042
Mycielin,3007072
Łęka Opatowska,3008042
Żerków,3006043
Pogorzela,3004063
Grodziec,3010022
Kobylin,3012023
Gierałtowice,2405032
Pawonków,2407072
Lubliniec,2407011
Ciasna,2407032
Ornontowice,2408042
Świętochłowice,2476011
Bestwina,2402022
Chełm (gmina wiejska),603032
Sawin,603102
Hrubieszów,604011
Mircze,604052
Pszczew,803042
Reńska Wieś,1603062
Stalowa Wola,1818011
Zawady,2002152
Zabłudów,2002143
Rajgród,2004043
Świebodzice,219021
Włocławek,464011
Stolno,404062
Cybinka,805013
Nowe Miasto,1420082
Raciąż,1420021
Piastów,1421011
Kamiennik,1607022
Pakosławice,1607082
Gorzyce – Tarnobrzeski,1820022
Rogowo – Rypiński,412032
Świdwin (gmina wiejska),3216062
Reda,2215011
Gniewino,2215052
Wejherowo,2215031
Rumia,2215021
Wejherowo (gmina wiejska),2215102
Radzanów – Mławski,1413042
Kazanów,1436012
Zwoleń,1436053
Krzeszów,1812042
Legnickie Pole,209052
Wałcz (gmina wiejska),3217052
Trzebiel,811082
Piotrków Trybunalski,1062011
Goworowo,1415042
Baranowo,1415012
Łyse,1415072
Strachówka,1434102
Marki,1434021
Kobyłka,1434011
Tłuszcz,1434113
Fredropol,1813032
Kańczuga,1814053
Bejsce,2603012
Chęciny,2604033
Bodzentyn,2604023
Baćkowice,2606012
Kije,2608022
Gronowo Elbląskie,2804032
Staszów,2612073
Kalinowo,2805032
Jonkowo,2814072
Mrągowo,2810011
Kozłowo,2811032
Niepołomice,1219043
Gdów,1219022
Gryfów Śląski,212013
Zławieś Wielka,415092
Kęsowo,416032
Aleksandrów – Biłgorajski,602022
Zarzecze,1814092
Boguchwała,1816033
Augustów,2001011
Kowal,418011
Dąbrowa Górnicza,2465011
Biłgoraj (gmina wiejska),602032
Łukowa,602092
Bobrowice,802022
Bledzew,803012
Przytoczna,803032
Góra Świętej Małgorzaty,1004032
Łęczyca (gmina wiejska),1004052
Kiernozia,1005052
Góra Kalwaria,1418013
Piaseczno,1418043
Siedlce,1464011
Tyrawa Wołoska,1817062
Supraśl,2002093
Oleśnica (gmina wiejska),214062
Syców,214073
Gardeja,2207022
Ryjewo,2207052
Mysłowice,2470011
Rudnik – Raciborski,2411082
Koziegłowy,2409023
Lyski,2412042
Zbrosławice,2413092
Pszów,2415011
Bieruń,2414011
Lubomia,2415072
Marklowice,2415082
Chełm Śląski,2414052
Lipowa,2417062
Żywiec,2417011
Leszno – Warszawski Zachodni,1432042
Stare Babice,1432072
Grębków,1433022
Nowy Żmigród,1805072
Charsznica,1208012
Łasin,406033
Dygowo,3208022
Ustronie Morskie,3208072
Sianów,3209073
Kazimierz Dolny,614043
Kurów,614062
Sierakowice,2205042
Szadek,1019023
Wierzbno,1433092
Stromiec,1401052
Gołymin-Ośrodek,1402042
Glinojeck,1402033
Osiek Jasielski,1805082
Iwonicz-Zdrój,1807033
Tokarnia,1209082
Sułkowice,1209073
Łącko,1210092
Zagrodno,226052
Złotniki Kujawskie,407092
Borki,615022
Kłoczew,616022
Nowy Staw,2209073
Dmosin,1021032
Miastków Kościelny,1403082
Narol,1809053
Nawojowa,1210122
Nowy Targ,1211011
Pyrzyce,3212053
Krynice,618042
Łaszczów,618063
Tomaszów Lubelski (gmina wiejska),618112
Kowiesy,1015042
Nowy Kawęczyn,1015072
Wodynie,1426122
Ustrzyki Dolne,1801083
Jeleniewo,2012032
Wysokie Mazowieckie,2013011
Waganiec,401082
Brzozie,402042
Golczewo,3207023
Stanin,611072
Trzebieszów,611092
Parczew,613043
Pszczółki,2204062
Przywidz,2204052
Lębork,2208011
Wicko,2208052
Szydłowiec,1430053
Brzostek,1803023
Radymno,1804021
Wiązownica,1804112
Słomniki,1206123
Mszana Dolna (gmina wiejska),1207092
Suwałki,2063011
Zambrów,2014011
Łomża – Łomża,2062011
Sicienko,403072
Nowy Tomyśl,3015043
Jawor,205011
Raba Wyżna,1211112
Pieszyce,202033
Krosno,1861011
Czarnków,3002011
Stargard,3214011
Chocz,3020013
Krzyżanowice,2411042
Narewka,2005092
Paczków,1607073
Czeremcha,2005032
Świdnica (gmina wiejska),219072
Trzebnica,220033
Przyrów,2404142
Gościeradów,607042
Szczaniec,808042
Krasne – Przasnyski,1422052
Przasnysz (gmina wiejska),1422072
Pokrzywnica,1424032
Łubniany,1609052
Czchów,1202033
Lipnica Murowana,1201042
Stawiski,2006053
Turośl,2006062
Piątnica,2007052
Wizna,2007082
Czarny Bór,221042
Szczawno-Zdrój,221031
Brzeg Dolny,222013
Abramów,608022
Zabór,809092
Szprotawa,810073
Dobryszyce,1012022
Masłowice,1012102
Kobiele Wielkie,1012062
Kamieńsk,1012053
Gózd,1425022
Wierzbica – Radomski,1425112
Popielów,1609092
Chrzanów – Chrzanowski,1203033
Trzebinia,1203053
Gręboszów,1204032
Siemiatycze,2010011
Karlino,3201033
Bierzwnik,3202012
Choszczno,3202023
Niegosławice,810062
Kotuń,1426032
Łużna,1205062
Gorlice (gmina wiejska),1205042
Sejny,2009011
Krasnopol,2009032
Stoszowice,224042
Gromadka,201032
Ludwin,610022
Adamów – Łukowski,611032
Rzeczenica,2203072
Złoczew,1014113
Starogard Gdański,2213031
Osiek – Starogardzki,2213082
Olszanka – Łosicki,1410032
Różan,1411073
Czerwonka,1411022
Pacyna,1404032
Żabia Wola,1405062
Stary Dzików,1809072
Proszowice,1214053
Pałecznica,1214042
Radziemice,1214062
Janowice Wielkie,206052
Stara Kamienica,206092
Osięciny,411042
Dobre – Radziejowski,411032
Chorzów,2463011
Miączyn,620062
Łabunie,620052
Lubichowo,2213062
Rzewnie,1411082
Nowe Miasto nad Pilicą,1406083
Pniewy – Grójecki,1406092
Grabów nad Pilicą,1407042
Brzeszcze,1213023
Ryglice,1216063
Piotrków Kujawski,411053
Topólka,411072
Lipnica Wielka,1211072
Bogatynia,225033
Mirsk,212043
Leśna,210033
Jaraczewo,3006013
Białystok,2061011
Prószków,1609103
Świlcza,1816122
Skierniewice,1063011
Pieńsk,225043
Jarocin – Jarociński,3006023
Gdynia,2262011
Iwierzyce,1815012
Kościan,3011011
Kościan (gmina wiejska),3011032
Tworóg,2413082
Pierzchnica,2604153
Zduńska Wola,1019011
Łomża – Łomżyński,2007022
Opole,1661011
Przechlewo,2203062
Mirosławiec,3217033
Górowo Iławeckie (gmina wiejska),2801052
Kramsk,3010052
Stare Miasto,3010112
Ogrodzieniec,2416063
Radzionków,2413031
Czarna Dąbrówka,2201032
Gdańsk,2261011
Czerwińsk nad Wisłą,1420043
Łaziska Górne,2408011
Gorzów Wielkopolski,861011
Santok,801062
Głowaczów,1407022
Lipnica,2201052
Kruszwica,407063
Jeziora Wielkie,409022
Lipno – Leszczyński,3013022
Szydłowo – Pilski,3019062
Ostrzeszów,3018073
Czermin – Pleszewski,3020022
Dopiewo,3021052
Kostrzyn,3021083
Puszczykowo,3021021
Rokietnica – Poznański,3021132
Zagórów,3023083
Szamotuły,3024073
Orchowo,3023032
Turek,3027011
Przykona,3027062
Powidz,3023052
Tarnówka,3031062
Złotów,3031011
Miłosław,3030023
Wolsztyn,3029033
Krzymów,3010062
Chodów,3009032
Czerniejewo,3003023
Łubowo,3003062
Trzemeszno,3003093
Koło (gmina wiejska),3009072
Okonek,3031053
Rudziniec,2405052
Sośnicowice,2405063
Opatów – Kłobucki,2406052
Zabrze,2478011
Dubienka,603052
Leśniowice,603072
Żmudź,603142
Tuszyn,1006113
Staroźreby,1419142
Stara Biała,1419132
Polska Cerekiew,1603052
Strzyżów,1819043
Tykocin,2002123
Orla,2003062
Chocianów,216013
Strzelin,217043
Przeworno,217032
Papowo Biskupie,404052
Czechowice-Dziedzice,2402043
Porąbka,2402082
Uchanie,604072
Strzelce Krajeńskie,806043
Działoszyn,1009013
Przasnysz,1422011
Namysłów,1606023
Nowa Dęba,1820043
Sławoborze,3216052
Rąbino,3216042
Adamów – Zamojski,620012
Łęczyce,2215082
Stary Targ,2216042
Lipowiec Kościelny,1413032
Strzegowo,1413052
Wieczfnia Kościelna,1413092
Leoncin,1414032
Tuszów Narodowy,1811092
Wietrzychowice,1216122
Kunice,209042
Miłkowice,209062
Lubań (gmina wiejska),210042
Lniano,414052
Przewóz,811072
Lubsko,811063
Tuplice,811092
Szlichtyngowa,812023
Drużbice,1001032
Bełchatów (gmina wiejska),1001022
Rzeczniów,1409042
Żurawica,1813102
Adamówka,1814022
Jędrzejów,2602023
Słupia (Jędrzejowska),2602072
Kazimierza Wielka,2603033
Smyków,2605072
Sitkówka-Nowiny,2604172
Ostrowiec Świętokrzyski,2607011
Sadowie,2606062
Łączna,2610032
Bliżyn,2610022
Tolkmicko,2804093
Markusy,2804042
Srokowo,2808062
Wieliczki,2813062
Nowe Miasto Lubawskie (gmina wiejska),2812052
Dobre Miasto,2814033
Mrągowo (gmina wiejska),2810032
Mikołajki,2810023
Budry,2819012
Morąg,2815083
Małdyty,2815052
Dubeninki,2818022
Dźwierzuty,2817022
Jedwabno,2817032
Szczytno,2817011
Wilczęta,2802072
Siekierczyn,210072
Lubin (gmina wiejska),211022
Ścinawa,211043
Wielka Nieszawka,415082
Konstantynów,601072
Wschowa,812033
Deszczno,801032
Krzyżanów,1002052
Łask,1003023
Łęczyca,1004011
Szulborze Wielkie,1416092
Brańszczyk,1435012
Rząśnik,1435032
Długosiodło,1435022
Zabrodzie,1435062
Lutocin,1437042
Ropczyce,1815033
Nowy Sącz,1262011
Oleśnica – Oleśnicki,214011
Dobroszyce,214032
Wąbrzeźno,417011
Fabianki,418072
Bogdaniec,801022
Kocierzew Południowy,1005062
Tarczyn,1418063
Bielsk,1419012
Czarna Białostocka,2002023
Gródek,2002042
Wasilków,2002133
Suraż,2002103
Gaszowice,2412022
Pszczyna,2410053
Miedźna,2410032
Nędza,2411062
Ożarowice,2413062
Radlin,2415021
Łazy,2416053
Węgierska Górka,2417152
Kroczyce,2416042
Izabelin,1432022
Ożarów Mazowiecki,1432063
Liw,1433042
Brzyska,1805022
Kołaczyce,1805053
Słaboszów,1208072
Rogóźno,406052
Karsin,2206032
Malbork,2209011
Ostrówek – Wieluński,1017062
Wieluń,1017093
Czastary,1018022
Ojrzeń,1402062
Chełmiec,1210022
Korzenna,1210062
Dzierżoniów (gmina wiejska),202052
Skępe,408073
Chrostkowo,408032
Polanów,3209063
Dębno – Myśliborski,3210033
Kołbaskowo,3211022
Komarówka Podlaska,615052
Malbork (gmina wiejska),2209042
Parzęczew,1020072
Ozorków,1020021
Garwolin (gmina wiejska),1403042
Parysów,1403092
Grodzisko Dolne,1808022
Lubaczów (gmina wiejska),1809011
Jemielno,204022
Sławno (gmina wiejska),3213062
Darłowo,3213011
Tarnawatka,618092
Susiec,618082
Telatyn,618102
Kępice,2212053
Sierpc (gmina wiejska),1427052
Rościszewo,1427042
Repki,1429062
Jabłonna Lacka,1429042
Brzeg,1601011
Czernichów – Krakowski,1206012
Kocmyrzów-Luborzyca,1206052
Mogilany,1206092
Bakałarzewo,2012012
Przerośl,2012042
Wiżajny,2012092
Sokoły,2013082
Koneck,401062
Świedziebnia,402092
Osiek – Brodnicki,402082
Poniatowa,612063
Łaziska,612042
Karczmiska,612032
Opole Lubelskie,612053
Somonino,2205052
Przodkowo,2205032
Biała – Wieluński,1017012
Jastrząb,1430022
Żyraków,1803072
Świątniki Górne,1206143
Limanowa (gmina wiejska),1207072
Wysokie Mazowieckie (gmina wiejska),2013102
Dobrcz,403032
Golub-Dobrzyń,405011
Banie,3206012
Byczyna,1604013
Rakoniewice,3005043
Wołczyn,1604043
Chojnice,2202011
Głogów (gmina wiejska),203022
Barciany,2808022
Ujsoły,2417142
Kleszczele,2005073
Szczuczyn,2004053
Kolno,2006011
Strzegom,219063
Izbica,606042
Łopiennik Górny,606072
Lubniewice,807023
Lubrza – Świebodziński,808012
Niemodlin,1609073
Drwinia,1201032
Żmigród,220063
Wińsko,222022
Świdnica – Zielonogórski,809072
Radomsko,1012011
Ładzice,1012092
Pionki (gmina wiejska),1425082
Trzciana,1201082
Żegocina,1201092
Libiąż,1203043
Goniądz,2008013
Krypno,2008052
Dziadkowice,2010032
Garbów,609042
Żagań,810021
Parchowo,2201072
Miastko,2201063
Sadkowice,1013062
Przesmyki,1426072
Radgoszcz,1204062
Ząbkowice Śląskie,224053
Przybiernów,3204062
Kalisz Pomorski,3203033
Puchaczów,610052
Stoczek Łukowski (gmina wiejska),611082
Koczała,2203052
Stara Kornica,1410062
Maków Mazowiecki,1411011
Płoniawy-Bramura,1411062
Baranów – Grodziski,1405032
Jaktorów,1405052
Chynów,1406032
Rabka-Zdrój,1211123
Mysłakowice,206072
Barwice,3215023
Hańsk,619032
Stary Brus,619042
Smętowo Graniczne,2213112
Tczew,2214011
Cegłów,1412042
Dębe Wielkie,1412052
Jakubów,1412082
Mińsk Mazowiecki (gmina wiejska),1412112
Siennica,1412132
Czermin – Mielecki,1811032
Pleśna,1216042
Lisia Góra,1216032
Kcynia,410013
Nakło nad Notecią,410033
Zawoja,1215082
Łapsze Niżne,1211082
Jelenia Góra,261011
Głuszyca,221053
Choceń,418052
Sitno,620092
Spytkowice – Wadowicki,1218062
Radzymin,1434093
Krasnosielc,1411042
Ostrołęka,1461011
Rymanów,1807083
Jaśliska,1807102
Chojnice (gmina wiejska),2202032
Szczecin,3262011
Krynica Morska,2210011
Koluszki,1006073
Rzeszów,1863011
Lubawka,207033
Zambrów (gmina wiejska),2014052
Kalisz,3061011
Opatowiec,2603043
Pakosław,3022042
Rawicz,3022053
Bobrowniki – Będziński,2401042
Oleśnica – Staszowski,2612033
Szydłowo – Mławski,1413082
Małkinia Górna,1416052
Wiskitki,1438052
Wieleń,3002083
Trzcianka,3002073
Ostrów Wielkopolski (gmina wiejska),3017042
Kraszewice,3018052
Mikstat,3018063
Stęszew,3021143
Luboń,3021011
Wronki,3024083
Buk,3021033
Obrzycko,3024011
Ostrowite,3023042
Słupca (gmina wiejska),3023062
Turek (gmina wiejska),3027082
Słupca,3023011
Brudzew,3027022
Książ Wielkopolski,3026033
Lądek,3023022
Kotlin,3006032
Gniezno,3003011
Kleczew,3010043
Perzów,3008052
Kępno,3008033
Granowo,3005012
Sosnowiec,2475011
Czempiń,3011023
Koszęcin,2407062
Wręczyca Wielka,2406092
Mikołów,2408021
Toszek,2405073
Jaworze,2402062
Białopole,603022
Wojsławice,603132
Kożuchów,804043
Żarnów,1007082
Drobin,1419053
Dzierzążnia,1420052
Naruszewo,1420072
Radomyśl nad Sanem,1818042
Brańsk,2003021
Boćki,2003042
Wilkowice,2402102
Batorz,605012
Janów Lubelski,605053
Potok Wielki,605072
Rzepin,805043
Sulmierzyce – Pajęczański,1009082
Kiełczygłów,1009022
Pajęczno,1009043
Nowa Brzeźnica,1009032
Sochocin,1420112
Baboszewo,1420032
Nadarzyn,1421052
Michałowice – Pruszkowski,1421042
Baligród,1821012
Rypin (gmina wiejska),412042
Skrwilno,412052
Świdwin,3216011
Brzeżno,3216022
Wałcz,3217011
Komarów-Osada,620032
Stary Dzierzgoń,2216032
Pomiechówek,1414052
Policzna,1436022
Ciepielów,1409022
Ulanów,1812073
Zakliczyn,1216143
Szerzyny,1216162
Poronin,1217052
Chojnów,209011
Krotoszyce,209032
Osie,414072
Łobez,3218023
Bełchatów,1001011
Szczerców,1001072
Ząbki,1434031
Dąbrówka,1434052
Klembów,1434072
Wołomin,1434123
Bircza,1813012
Gać,1814032
Brzeźnica – Wadowicki,1218022
Wodzisław,2602092
Czarnocin – Kazimierski,2603022
Piekoszów,2604142
Połaniec,2612053
Koprzywnica,2609043
Dwikozy,2609022
Zawichost,2609093
Elbląg (gmina wiejska),2804012
Włoszczowa,2613063
Lidzbark Warmiński,2809011
Kisielice,2807043
Nidzica,2811043
Kolno – Olsztyński,2814082
Janowiec Kościelny,2811012
Rozogi,2817052
Orzysz,2816023
Miłomłyn,2815073
Świętajno – Szczycieński,2817072
Świątki,2814122
Budzyń,3001022
Lubin,211011
Wleń,212053
Świecie,414093
Chełmża (gmina wiejska),415022
Łomazy,601092
Łanięta,1002072
Strzelce,1002102
Widawa,1003042
Sędziejowice,1003032
Wodzierady,1003052
Grabów,1004042
Nur,1416062
Karczew,1417043
Żuromin,1437063
Dynów,1816011
Błażowa,1816023
Kłaj,1219032
Augustów (gmina wiejska),2001022
Książki,417032
Płużnica,417042
Brześć Kujawski,418043
Potok Górny,602112
Dąbie – Krośnieński,802042
Krosno Odrzańskie,802063
Żyrardów,1438011
Radom,1463011
Kamień – Rzeszowski,1816082
Twardogóra,214083
Prabuty,2207043
Domaniów,215022
Oława,215011
Izbica Kujawska,418083
Jaworzno,2468011
Suszec,2410062
Myszków,2409011
Poraj,2409042
Krupski Młyn,2413052
Niegowa,2409032
Węgrów,1433011
Kolbuszowa,1806023
Niwiska,1806042
Jasło,1805011
Dębowiec – Jasielski,1805032
Miechów,1208053
Lubień,1209022
Myślenice,1209033
Zbójno,405062
Inowrocław,407011
Widuchowa,3206092
Bobolice,3209033
Podedwórze,613052
Krościenko Wyżne,1807062
Barlinek,3210013
Radzyń Podlaski (gmina wiejska),615062
Nowy Dwór Gdański,2210023
Puck,2211031
Puck (gmina wiejska),2211072
Stryków,1020083
Łaskarzew,1403021
Górzno – Garwoliński,1403052
Wilga,1403132
Leżajsk,1808011
Jerzmanowa,203032
Góra,204013
Bielice,3212012
Warnice,3212062
Postomino,3213052
Damnica,2212022
Mochowo,1427032
Domaradz,1802022
Haczów,1802042
Czarna – Dębicki,1803032
Zielonki,1206172
Filipów,2012022
Brojce,3205012
Jabłoń,613022
Kolbudy,2204032
Suchy Dąb,2204072
Osjaków,1017052
Mokrsko,1017042
Nowa Sucha,1428052
Brochów,1428022
Jarosław,1804011
Pawłosiów,1804062
Laskowa,1207062
Czyżew,2013033
Szepietowo,2013093
Nowa Wieś Wielka,403052
Golub-Dobrzyń (gmina wiejska),405032
Wielichowo,3005053
Kluczbork,1604023
Zalewo,2807073
Oporów,1002092
Pęcław,203052
Mściwojów,205042
Wydminy,2806102
Siedliszcze,603113
Jeleśnia,2417042
Nowy Dwór,2011062
Prudnik,1610043
Lubrza – Prudnicki,1610032
Otmuchów,1607063
Głuchołazy,1607013
Bukowina Tatrzańska,1217032
Chybie,2403052
Dzierzkowice,607032
Trzydnik Duży,607072
Ręczno,1010072
Czernice Borowe,1422032
Krzynowłoga Mała,1422062
Gorzów Śląski,1608023
Walim,221082
Stare Bogaczowice,221072
Mstów,2404102
Kruszyna,2404082
Konopiska,2404072
Poczesna,2404132
Lubartów (gmina wiejska),608072
Trzebiechów,809082
Żagań (gmina wiejska),810092
Gidle,1012032
Pionki,1425011
Trzcianne,2008072
Czernica,223012
Kąty Wrocławskie,223043
Siechnice,223083
Żórawina,223092
Ciepłowody,224022
Białogard (gmina wiejska),3201022
Tychowo,3201043
Krzczonów,609092
Zakrzew – Lubelski,609162
Brzeźnica – Żagański,810032
Goszczanów,1014062
Mokobody,1426042
Lubsza,1601052
Olszanka – Brzeski,1601062
Olesno – Dąbrowski,1204052
Ziębice,224063
Kamieniec Ząbkowicki,224032
Aleksandrów Kujawski,401011
Maszewo – Goleniowski,3204033
Wysokie,609152
Łęczna,610033
Człuchów ,2203011
Słupsk (gmina wiejska),2212082
Skórcz,2213021
Skórcz (gmina wiejska),2213102
Szczawin Kościelny,1404052
Nowy Targ (gmina wiejska),1211092
Bolesław – Olkuski,1212032
Jordanów (gmina wiejska),1215052
Marciszów,207042
Dąbrowa – Mogileński,409012
Radziejów (gmina wiejska),411062
Dolice,3214042
Szczecinek,3215011
Biały Bór,3215033
Wola Uhruska,619072
Gniew,2214023
Morzeszczyn,2214032
Jasieniec,1406062
Mogielnica,1406073
Kozienice,1407053
Mielec (gmina wiejska),1811052
Borowa,1811022
Padew Narodowa,1811062
Oświęcim (gmina wiejska),1213062
Radłów – Tarnowski,1216053
Nowa Ruda,208041
Rypin,412011
Muszyna,1210113
Modliborzyce,605063
Rejowiec,603153
Sulików,225052
Platerówka,210062
Kudowa-Zdrój,208031
Radoszyce,2605043
Opatówek,3007083
Nieporęt,1408032
Żory,2479011
Gołdap,2818033
Goleniów,3204023
Łeba,2208021
Andrespol,1006022
Drawsko Pomorskie,3203023
Kowary,206021
Lutomiersk,1008062
Mniszków,1007032
Nowogród,2007043
Stary Lubotyń,1416082
Nowe Skalmierzyce,3017023
Czersk,2202043
Ostróda (gmina wiejska),2815092
Łubnice – Staszowski,2612022
Magnuszew,1407062
Międzyzdroje,3207043
Klimontów,2609033
Lubasz,3002052
Sieroszewice,3017072
Grabów nad Prosną,3018033
Pniewy – Szamotulski,3024063
Murowana Goślina,3021113
Czerwonak,3021042
Komorniki,3021072
Kórnik,3021093
Bojanowo,3022013
Malanów,3027052
Dobra – Turecki,3027033
Władysławów,3027092
Gostyń,3004023
Blizanów,3007012
Żelazków,3007112
Bralin,3008022
Krotoszyn,3012043
Lipie,2406032
Woźniki,2407083
Knurów,2405011
Wyry,2408052
Szczyrk,2402011
Kamień – Chełmski,603062
Rejowiec Fabryczny (gmina wiejska),603082
Horodło,604032
Trzciel,803063
Kolsko,804032
Nowa Sól (gmina wiejska),804052
Poświętne – Opoczyński,1007062
Słubice – Płocki,1419112
Bierawa,1603022
Krapkowice,1605023
Domaszowice,1606012
Zagórz,1817073
Pysznica,1818032
Brańsk (gmina wiejska),2003052
Wyszki,2003082
Wąsosz – Grajewski,2004062
Grębocice,216032
Gaworzyce,216022
Chełmno (gmina wiejska),404022
Kozy,2402072
Mierzęcice,2401052
Siewierz,2401073
Górzyca,805022
Konstantynów Łódzki,1008011
Płońsk,1420011
Baranów Sandomierski,1820013
Grębów,1820032
Olszanica,1821042
Krasnobród,620043
Grabowiec,620022
Luzino,2215072
Dzierzgowo,1413022
Nowy Dwór Mazowiecki,1414011
Czosnów,1414022
Tczów,1436042
Jabłonna – Legionowski,1408022
Tarnów – Tarnowski,1216092
Prochowice,209073
Sośno,413032
Sępólno Krajeńskie,413023
Jeżewo,414042
Koszalin,3261011
Jasień,811043
Poświętne – Wołomiński,1434082
Krasiczyn,1813042
Przeworsk,1814011
Stryszów,1218072
